{
  "best_model_name": "XGBoost",
  "best_model_accuracy": 0.5198675496688742,
  "feature_names": [
    "Daily_Return",
    "Price_Range",
    "Volume_MA_20",
    "SMA_5",
    "SMA_10",
    "SMA_20",
    "SMA_50",
    "SMA_200",
    "EMA_12",
    "EMA_26",
    "EMA_50",
    "SMA_Ratio_5_20",
    "SMA_Ratio_20_50",
    "Price_to_SMA20",
    "Price_to_SMA50",
    "RSI_14",
    "ROC_5",
    "ROC_10",
    "ROC_20",
    "MACD",
    "MACD_Signal",
    "MACD_Histogram",
    "Stoch_K",
    "Stoch_D",
    "BB_Upper",
    "BB_Middle",
    "BB_Lower",
    "BB_Width",
    "BB_Position",
    "ATR",
    "Volatility_10",
    "Volatility_30",
    "Volume_SMA_10",
    "Volume_SMA_20",
    "Volume_Ratio",
    "Volume_Rate_Change",
    "OBV",
    "VPT",
    "PVT",
    "Daily_Range",
    "Gap",
    "Close_Position",
    "Up_Down",
    "Consecutive_Days",
    "High_20",
    "Low_20",
    "Distance_to_High",
    "Distance_to_Low"
  ],
  "model_results": {
    "Random Forest": {
      "accuracy": 0.5099337748344371,
      "f1_score": 0.4716655971770882,
      "cv_mean": 0.4735057096807379,
      "cv_std": 0.008238527814377755,
      "training_time": 0.187732
    },
    "Logistic Regression": {
      "accuracy": 0.4966887417218543,
      "f1_score": 0.4485087787354193,
      "cv_mean": 0.5033366482630911,
      "cv_std": 0.03541086122630974,
      "training_time": 0.043721
    },
    "XGBoost": {
      "accuracy": 0.5198675496688742,
      "f1_score": 0.5059744514015618,
      "cv_mean": 0.4693151812352115,
      "cv_std": 0.03615590464309257,
      "training_time": 0.797157
    },
    "LightGBM": {
      "accuracy": 0.5,
      "f1_score": 0.4848091593208535,
      "cv_mean": 0.47262096635917833,
      "cv_std": 0.03892173044452004,
      "training_time": 2.030115
    }
  },
  "training_date": "2025-08-01T14:39:45.260635"
}